EDgroup,AvWage     ,SEMean     ,StDev         ,N
6,4.4567,0.79805,1.38226,3
7,5.77,0.8369,1.87136,5
8,5.9787,0.62779,2.43142,15
9,7.3317,1.29904,4.5,12
10,7.3182,0.64444,2.65711,17
11,6.5844,0.64084,3.32992,27
12,7.8182,0.25206,3.72159,218
13,7.8351,0.66765,4.06114,37
14,11.0223,0.92157,6.89643,56
15,10.6738,1.39739,5.03837,13
16,10.8361,0.63981,5.35304,70
17,13.615,1.42417,6.97699,24
18,13.531,1.09328,6.08715,31
